cat_id,cat_name,cat_age,cat_personality,cat_gender,cat_notes
1,Danger,8,intangible,Male,Advanced Hand Sanitizer
2,Fran,14,cohesive,Male,Keralyt
3,Luetta,10,moratorium,Male,ProStat Blood Clotting First Aid
4,Olene,1,help-desk,Female,Cold and Hot
5,Fermin,14,bottom-line,Female,Justice Mixed Berry ANTI BAC HAND SANITIZER
6,Elouise,6,application,Female,Ear Inflammation Plus
7,Krystle,4,migration,Female,Losortan Potassium
8,Mavis,15,collaboration,Female,Antibacterial Hand Arctic blast
9,Kory,1,Multi-lateral,Female,Dignity Antibacterial
10,Janice,10,contextually-based,Male,DR. MERCOLA Sunscreen SPF-50
11,Mallory,4,knowledge user,Male,Mirtazapine
12,Shanti,11,archive,Female,Saline Wash
13,Cathleen,11,Stand-alone,Female,Valacyclovir Hydrochloride
14,Roxy,12,disintermediate,Male,Edarbi
15,Shirlee,8,archive,Male,Buspirone Hydrochloride
16,Linette,6,structure,Female,Topcare Aspirin
17,Andra,11,Automated,Male,quinapril hydrochloride and hydrochlorothiazide
18,Alicia,6,Expanded,Female,Cyclophosphamide
19,Lorenza,11,focus group,Female,good neighbor pharmacy milk of magnesia
20,Florinda,4,transitional,Female,Quality Choice Castor Oil
21,Shery,12,De-engineered,Female,methylphenidate hydrochloride CD
22,Cole,12,Synergistic,Female,NALOXONE HYDROCHLORIDE
23,Vicente,13,system-worthy,Male,Rabbitbush
24,Pok,7,systemic,Female,Hydrochlorothiazide
25,Treasa,1,Secured,Male,Warfarin Sodium
26,Elene,16,Polarised,Male,Bumetanide
27,Lee,9,infrastructure,Male,DiorSkin Nude 040 Honey Beige
28,Dionne,9,monitoring,Male,Piroxicam
29,Elaine,3,impactful,Male,Sertraline Hydrochloride
30,Janay,9,toolset,Female,Healthy Accents ibuprofen
31,Shantel,4,open system,Male,Lamotrigine
32,Rossie,1,focus group,Male,Pleo Not
33,Maureen,1,projection,Female,Old Spice Fresh
34,Frank,1,Assimilated,Male,Montelukast Sodium
35,Vernell,9,national,Female,ShopRite Day Calm
36,Aurore,3,neutral,Male,"Pollens - Trees, Olive Olea europaea"
37,Rochelle,12,focus group,Male,Valacyclovir Hydrochloride
38,Marcela,5,Reduced,Male,Propranolol Hydrochloride
39,Jerrold,15,Diverse,Female,Treatment Set TS347335
40,Marget,5,Automated,Female,Arthritazin Pain Relieving
41,Mitch,11,utilisation,Male,up and up antibiotic
42,Virgil,4,Self-enabling,Female,SHISEIDO SHEER AND PERFECT COMPACT (REFILL)
43,Fredric,7,Face to face,Male,Naturals by Safety 1st
44,Scot,1,Optimized,Female,Allegy Relief
45,Monroe,13,Face to face,Male,Glyburide
46,Glinda,7,Advanced,Male,C-Nate DHA
47,Moon,11,Diverse,Male,Rite Aid Sunscreen
48,Reyna,10,intermediate,Female,ALOE
49,Chae,14,circuit,Female,Bacitracin Zinc and Polymyxin B Sulfate
50,Mikaela,8,Persistent,Female,Digoxin
